{
  "addOwnerButton": {
    "container": "formAddOwner",
    "rowGroup": "footer",
    "col": 8,
    "height": 1,
    "width": 4
  },
  "addPetButton": {
    "container": "formAddNewPet",
    "rowGroup": "footer",
    "col": 4,
    "height": 1,
    "width": 2
  },
  "addVetButton": {
    "container": "formAddNewVet",
    "rowGroup": "footer",
    "col": 2,
    "height": 1,
    "width": 2
  },
  "birthdateInput": {
    "container": "formAddNewPet",
    "row": 1,
    "height": 0.2,
    "width": 6
  },
  "birthdateInputEdit": {
    "container": "formEditPet",
    "col": 1,
    "height": 0.2
  },
  "breedInput": {
    "container": "formAddNewPet",
    "row": 0.8,
    "height": 0.2,
    "width": 6
  },
  "breedInputEdit": {
    "container": "formEditPet",
    "row": 0.4,
    "col": 4,
    "height": 0.2,
    "width": 4
  },
  "buttonAddEmployee": {
    "row": 3.2,
    "col": 5,
    "height": 1,
    "width": 2
  },
  "buttonAddNewVisit": {
    "container": "formAddPet",
    "rowGroup": "footer",
    "col": 2,
    "height": 1,
    "width": 2
  },
  "buttonAddOwner": {
    "container": "owners",
    "rowGroup": "header",
    "subcontainer": "f39e6",
    "col": 10,
    "height": 1,
    "width": 2
  },
  "buttonAddPet": {
    "container": "pets",
    "rowGroup": "header",
    "subcontainer": "f39e6",
    "col": 10,
    "height": 1,
    "width": 2
  },
  "buttonAddVisit": {
    "container": "visits",
    "rowGroup": "header",
    "subcontainer": "fbaf5",
    "col": 10,
    "height": 1,
    "width": 2
  },
  "buttonCancelAddPet": {
    "container": "formAddNewPet",
    "rowGroup": "footer",
    "height": 1,
    "width": 2
  },
  "buttonCancelAddVet": {
    "container": "formAddNewVet",
    "rowGroup": "footer",
    "height": 1,
    "width": 2
  },
  "buttonCancelAddVisit": {
    "container": "formAddPet",
    "rowGroup": "footer",
    "row": 0,
    "height": 1,
    "width": 2
  },
  "buttonCancelEditOwner": {
    "container": "formEditOwner",
    "rowGroup": "footer",
    "col": 8,
    "height": 1,
    "width": 2
  },
  "buttonCancelEditPet": {
    "container": "formEditPet",
    "rowGroup": "footer",
    "col": 8,
    "height": 1,
    "width": 2
  },
  "buttonCancelEditVet": {
    "container": "formEditVet",
    "rowGroup": "footer",
    "height": 1
  },
  "buttonCancelEditVisit": {
    "container": "formEditVisit",
    "rowGroup": "footer",
    "col": 8,
    "height": 1,
    "width": 2
  },
  "buttonDeleteOwner": {
    "container": "owners",
    "rowGroup": "header",
    "subcontainer": "f39e6",
    "col": 9,
    "height": 1,
    "width": 1
  },
  "buttonDeletePet": {
    "container": "pets",
    "rowGroup": "header",
    "subcontainer": "f39e6",
    "col": 9,
    "height": 1,
    "width": 1
  },
  "buttonDeleteVet": {
    "container": "container2",
    "subcontainer": "0d907",
    "col": 11,
    "height": 1.4,
    "width": 1,
    "stackPosition": {
      "object": {
        "ordinal": 3,
        "widthType": "fixed",
        "width": 0,
        "height": 0
      }
    }
  },
  "buttonDeleteVisit": {
    "container": "visits",
    "rowGroup": "header",
    "subcontainer": "fbaf5",
    "col": 9,
    "height": 1,
    "width": 1,
    "stackPosition": {
      "object": {
        "ordinal": 2,
        "widthType": "fixed",
        "width": 0,
        "height": 0
      }
    }
  },
  "buttonEditOwner": {
    "container": "owners",
    "rowGroup": "header",
    "subcontainer": "f39e6",
    "col": 8,
    "height": 1,
    "width": 1
  },
  "buttonEditPet": {
    "container": "pets",
    "rowGroup": "header",
    "subcontainer": "f39e6",
    "col": 8,
    "height": 1,
    "width": 1
  },
  "buttonEditVet": {
    "container": "container2",
    "subcontainer": "0d907",
    "row": 1.4,
    "col": 11,
    "height": 1.4,
    "width": 1,
    "stackPosition": {
      "object": {
        "ordinal": 2,
        "widthType": "fixed",
        "width": 0,
        "height": 0
      }
    }
  },
  "buttonEditVisit": {
    "container": "visits",
    "rowGroup": "header",
    "subcontainer": "fbaf5",
    "col": 8,
    "height": 1,
    "width": 1
  },
  "buttonSaveChanges": {
    "container": "formEditVisit",
    "rowGroup": "footer",
    "col": 10,
    "height": 1,
    "width": 2
  },
  "buttonSaveEditOwner": {
    "container": "formEditOwner",
    "rowGroup": "footer",
    "col": 10,
    "height": 1,
    "width": 2
  },
  "buttonSaveEditPet": {
    "container": "formEditPet",
    "rowGroup": "footer",
    "col": 10,
    "height": 1,
    "width": 2
  },
  "cancelAddOwnerButton": {
    "container": "formAddOwner",
    "rowGroup": "footer",
    "col": 4,
    "height": 1,
    "width": 4
  },
  "container2": {
    "container": "listViewVets",
    "height": 1,
    "width": 12,
    "stackPosition": {
      "object": {
        "ordinal": 0,
        "widthType": "fixed",
        "width": 0,
        "height": 0
      }
    }
  },
  "containerTitle5": {
    "container": "statistics",
    "rowGroup": "header",
    "height": 0.6,
    "width": 12
  },
  "formAddNewPet": {
    "col": 1,
    "height": 0.2,
    "width": 10,
    "stackPosition": {
      "object": {
        "ordinal": 0,
        "widthType": "fixed",
        "width": 0,
        "height": 0
      }
    }
  },
  "formAddNewVet": {
    "col": 1,
    "height": 0.2,
    "width": 10,
    "stackPosition": {
      "object": {
        "ordinal": 0,
        "widthType": "fixed",
        "width": 0,
        "height": 0
      }
    }
  },
  "formAddOwner": {
    "container": "formAddNewPet",
    "col": 6,
    "height": 0.2,
    "width": 6,
    "stackPosition": {
      "object": {
        "ordinal": 0,
        "widthType": "fixed",
        "width": 0,
        "height": 0
      }
    }
  },
  "formAddPet": {
    "col": 1,
    "height": 0.2,
    "width": 10,
    "stackPosition": {
      "object": {
        "ordinal": 0,
        "widthType": "fixed",
        "width": 0,
        "height": 0
      }
    }
  },
  "formEditOwner": {
    "container": "owners",
    "subcontainer": "f39e6",
    "row": 12.8,
    "height": 0.2,
    "width": 12,
    "stackPosition": {
      "object": {
        "ordinal": 2,
        "widthType": "fixed",
        "width": 0,
        "height": 0
      }
    }
  },
  "formEditPet": {
    "container": "pets",
    "subcontainer": "f39e6",
    "row": 13,
    "height": 0.2,
    "width": 12,
    "stackPosition": {
      "object": {
        "ordinal": 3,
        "widthType": "fixed",
        "width": 0,
        "height": 0
      }
    }
  },
  "formEditVet": {
    "subcontainer": "modalEditVet",
    "height": 0.2,
    "width": 12,
    "stackPosition": {
      "object": {
        "ordinal": 0,
        "widthType": "fixed",
        "width": 0,
        "height": 0
      }
    }
  },
  "formEditVisit": {
    "container": "visits",
    "subcontainer": "fbaf5",
    "row": 13,
    "height": 0.2,
    "width": 12,
    "stackPosition": {
      "object": {
        "ordinal": 3,
        "widthType": "fixed",
        "width": 0,
        "height": 0
      }
    }
  },
  "formTitle10": {
    "container": "formEditPet",
    "rowGroup": "header",
    "height": 0.6,
    "width": 12
  },
  "formTitle11": {
    "container": "formEditOwner",
    "rowGroup": "header",
    "height": 0.6,
    "width": 12
  },
  "formTitle5": {
    "container": "formEditVisit",
    "rowGroup": "header",
    "height": 0.6,
    "width": 12
  },
  "formTitle9": {
    "container": "formAddOwner",
    "rowGroup": "header",
    "height": 0.6,
    "width": 12
  },
  "genderSelect": {
    "container": "formAddNewPet",
    "row": 0.4,
    "height": 0.2,
    "width": 6
  },
  "genderSelectEdit": {
    "container": "formEditPet",
    "col": 4,
    "height": 0.2,
    "width": 4
  },
  "icon1": {
    "container": "container2",
    "subcontainer": "0d907",
    "height": 2,
    "stackPosition": {
      "object": {
        "ordinal": 4,
        "widthType": "fixed",
        "width": 0,
        "height": 0
      }
    }
  },
  "listViewVets": {
    "row": 2.2,
    "col": 1,
    "height": 1,
    "width": 10,
    "stackPosition": {
      "object": {
        "ordinal": 0,
        "widthType": "fixed",
        "width": 0,
        "height": 0
      }
    }
  },
  "modalCloseButton1": {
    "rowGroup": "header",
    "subcontainer": "modalEditVet",
    "col": 9,
    "height": 1
  },
  "modalTitle1": {
    "rowGroup": "header",
    "subcontainer": "modalEditVet",
    "height": 0.6,
    "width": 9
  },
  "nameInput": {
    "container": "formAddNewPet",
    "height": 0.2,
    "width": 6
  },
  "navigationEmployees": {
    "row": 1.2,
    "col": 1,
    "height": 1,
    "width": 10
  },
  "navigationPets": {
    "row": 1.2,
    "col": 1,
    "height": 1,
    "width": 10
  },
  "navigationVisits": {
    "row": 1.2,
    "col": 1,
    "height": 1,
    "width": 10
  },
  "nextVaccinationDate": {
    "container": "formAddPet",
    "col": 9,
    "height": 0.2
  },
  "nextVaccinationDateEdit": {
    "container": "formEditVisit",
    "col": 9,
    "height": 0.2
  },
  "notesInput": {
    "container": "formAddNewPet",
    "row": 1.2,
    "height": 1,
    "width": 6
  },
  "notesInputEdit": {
    "container": "formEditPet",
    "col": 8,
    "height": 1,
    "width": 4
  },
  "ownerEmailInputEdit": {
    "container": "formEditOwner",
    "row": 0.2,
    "col": 6,
    "height": 0.2,
    "width": 6
  },
  "ownerID": {
    "container": "formEditOwner",
    "height": 0.2,
    "width": 1
  },
  "ownerNameInput": {
    "container": "formAddOwner",
    "height": 0.2,
    "width": 12
  },
  "ownerNameInputEdit": {
    "container": "formEditOwner",
    "row": 0,
    "col": 1,
    "height": 0.2,
    "width": 11
  },
  "ownerPhoneInputEdit": {
    "container": "formEditOwner",
    "row": 0.2,
    "height": 0.2,
    "width": 6
  },
  "ownerSelect": {
    "container": "formAddNewPet",
    "row": 0.2,
    "height": 0.2,
    "width": 6
  },
  "owners": {
    "row": 6.8,
    "col": 1,
    "height": 3.8,
    "width": 10,
    "stackPosition": {
      "object": {
        "ordinal": 0,
        "widthType": "fixed",
        "width": 0,
        "height": 0
      }
    }
  },
  "ownersSearchFilter": {
    "container": "owners",
    "rowGroup": "header",
    "subcontainer": "f39e6",
    "col": 4,
    "height": 0.2,
    "width": 4,
    "stackPosition": {
      "object": {
        "ordinal": 1,
        "widthType": "fixed",
        "width": 0,
        "height": 0
      }
    }
  },
  "ownersTitle": {
    "container": "owners",
    "rowGroup": "header",
    "height": 0.6,
    "width": 4
  },
  "petDetailView": {
    "container": "pets",
    "subcontainer": "f39e6",
    "row": 0,
    "col": 8,
    "height": 10.8,
    "width": 2,
    "stackPosition": {
      "object": {
        "ordinal": 4,
        "widthType": "fixed",
        "width": 0,
        "height": 0
      }
    }
  },
  "petDetailView2": {
    "container": "pets",
    "subcontainer": "f39e6",
    "col": 10,
    "height": 10.8,
    "width": 2,
    "stackPosition": {
      "object": {
        "ordinal": 1,
        "widthType": "fixed",
        "width": 0,
        "height": 0
      }
    }
  },
  "petID": {
    "container": "formEditPet",
    "height": 0.2,
    "width": 1
  },
  "petInput": {
    "container": "formAddPet",
    "row": 0.2,
    "height": 0.2,
    "width": 5
  },
  "petNameInputEdit": {
    "container": "formEditPet",
    "row": 0.2,
    "height": 0.2,
    "width": 4
  },
  "petOwnerSelectEdit": {
    "container": "formEditPet",
    "row": 0.4,
    "height": 0.2,
    "width": 4
  },
  "petSelectEdit": {
    "container": "formEditVisit",
    "row": 0.2,
    "height": 0.2,
    "width": 5
  },
  "pets": {
    "row": 2.2,
    "col": 1,
    "height": 3.8,
    "width": 10,
    "stackPosition": {
      "object": {
        "ordinal": 0,
        "widthType": "fixed",
        "width": 0,
        "height": 0
      }
    }
  },
  "petsSearchFilter": {
    "container": "pets",
    "rowGroup": "header",
    "subcontainer": "f39e6",
    "col": 4,
    "height": 0.2,
    "width": 4,
    "stackPosition": {
      "object": {
        "ordinal": 1,
        "widthType": "fixed",
        "width": 0,
        "height": 0
      }
    }
  },
  "petsTitle": {
    "container": "pets",
    "rowGroup": "header",
    "height": 0.6,
    "width": 4
  },
  "phoneInput": {
    "container": "formAddOwner",
    "row": 0.2,
    "height": 0.2,
    "width": 12
  },
  "reasonInput": {
    "container": "formAddPet",
    "row": 0.2,
    "col": 5,
    "height": 1,
    "width": 7
  },
  "reasonInputEdit": {
    "container": "formEditVisit",
    "row": 0.2,
    "col": 5,
    "height": 1,
    "width": 7
  },
  "saveEditVetButton": {
    "container": "formEditVet",
    "rowGroup": "footer",
    "col": 3,
    "height": 1
  },
  "showAddOwnerButton": {
    "container": "formAddNewPet",
    "rowGroup": "footer",
    "col": 2,
    "height": 1,
    "width": 2
  },
  "showOwners": {
    "row": 6.2,
    "col": 5,
    "height": 0.6,
    "width": 2
  },
  "speciesSelect": {
    "container": "formAddNewPet",
    "row": 0.6,
    "height": 0.2,
    "width": 6
  },
  "speciesSelectEdit": {
    "container": "formEditPet",
    "row": 0.2,
    "col": 4,
    "height": 0.2,
    "width": 4
  },
  "stackedBarChartPets": {
    "container": "statistics",
    "subcontainer": "4e218",
    "height": 7.8,
    "width": 12,
    "stackPosition": {
      "object": {
        "ordinal": 0,
        "widthType": "fixed",
        "width": 0,
        "height": 0
      }
    }
  },
  "startDate": {
    "container": "formAddNewVet",
    "row": 0.6,
    "height": 0.2,
    "width": 6
  },
  "startDateEdit": {
    "container": "formEditVet",
    "row": 0.6,
    "height": 0.2,
    "width": 12
  },
  "statistics": {
    "row": 6,
    "col": 1,
    "height": 0.2,
    "width": 10,
    "stackPosition": {
      "object": {
        "ordinal": 0,
        "widthType": "fixed",
        "width": 0,
        "height": 0
      }
    }
  },
  "statusSelect": {
    "container": "formAddPet",
    "row": 0.6,
    "height": 0.2,
    "width": 5
  },
  "statusSelectEdit": {
    "container": "formEditVisit",
    "row": 0.6,
    "height": 0.2,
    "width": 5
  },
  "tableOwners": {
    "container": "owners",
    "subcontainer": "f39e6",
    "height": 12.8,
    "width": 12,
    "stackPosition": {
      "object": {
        "ordinal": 0,
        "widthType": "fixed",
        "width": 0,
        "height": 0
      }
    }
  },
  "tablePets": {
    "container": "pets",
    "subcontainer": "f39e6",
    "height": 13,
    "width": 8,
    "stackPosition": {
      "object": {
        "ordinal": 0,
        "widthType": "fixed",
        "width": 0,
        "height": 0
      }
    }
  },
  "tableVisits": {
    "container": "visits",
    "subcontainer": "fbaf5",
    "row": 0,
    "height": 13,
    "width": 8,
    "stackPosition": {
      "object": {
        "ordinal": 0,
        "widthType": "fixed",
        "width": 0,
        "height": 0
      }
    }
  },
  "tableVisitsDetailView": {
    "container": "visits",
    "subcontainer": "fbaf5",
    "row": 0,
    "col": 8,
    "height": 10.8,
    "width": 2,
    "stackPosition": {
      "object": {
        "ordinal": 2,
        "widthType": "fixed",
        "width": 0,
        "height": 0
      }
    }
  },
  "tableVisitsDetailView2": {
    "container": "visits",
    "subcontainer": "fbaf5",
    "col": 10,
    "height": 0.6,
    "width": 2,
    "stackPosition": {
      "object": {
        "ordinal": 1,
        "widthType": "fixed",
        "width": 0,
        "height": 0
      }
    }
  },
  "temperatureChart": {
    "container": "pets",
    "subcontainer": "f39e6",
    "row": 13.2,
    "col": 6,
    "height": 6.4,
    "width": 6,
    "stackPosition": {
      "object": {
        "ordinal": 2,
        "widthType": "fixed",
        "width": 0,
        "height": 0
      }
    }
  },
  "temperatureInput": {
    "container": "formAddPet",
    "col": 7,
    "height": 0.2,
    "width": 2
  },
  "temperatureInputEdit": {
    "container": "formEditVisit",
    "col": 7,
    "height": 0.2,
    "width": 2
  },
  "text10": {
    "container": "container2",
    "subcontainer": "0d907",
    "row": 0,
    "col": 4,
    "height": 2.8,
    "width": 2,
    "stackPosition": {
      "object": {
        "ordinal": 5,
        "widthType": "fixed",
        "width": 0,
        "height": 0
      }
    }
  },
  "text11": {
    "container": "container2",
    "subcontainer": "0d907",
    "col": 6,
    "height": 2.8,
    "width": 5,
    "stackPosition": {
      "object": {
        "ordinal": 1,
        "widthType": "fixed",
        "width": 0,
        "height": 0
      }
    }
  },
  "text4": {
    "col": 1,
    "height": 0.6,
    "width": 10
  },
  "text5": {
    "row": 0.6,
    "col": 1,
    "height": 0.6,
    "width": 10
  },
  "text6": {
    "col": 1,
    "height": 0.6,
    "width": 10
  },
  "text7": {
    "row": 0.6,
    "col": 1,
    "height": 0.6,
    "width": 10
  },
  "text8": {
    "col": 1,
    "height": 0.6,
    "width": 10
  },
  "text9": {
    "row": 0.6,
    "col": 1,
    "height": 0.6,
    "width": 10
  },
  "textCopyrights": {
    "row": 10.6,
    "col": 1,
    "height": 0.6,
    "width": 10
  },
  "textCopyrights2": {
    "row": 6,
    "col": 1,
    "height": 0.6,
    "width": 10
  },
  "textCopyrights3": {
    "row": 4.2,
    "col": 1,
    "height": 0.6,
    "width": 10
  },
  "textInput1": {
    "container": "formAddOwner",
    "row": 0.4,
    "height": 0.2,
    "width": 12
  },
  "titleAddEmployee": {
    "container": "formAddNewVet",
    "rowGroup": "header",
    "height": 0.6,
    "width": 12
  },
  "titleAddPet": {
    "container": "formAddNewPet",
    "rowGroup": "header",
    "height": 0.6,
    "width": 12
  },
  "titleAddVisit": {
    "container": "formAddPet",
    "rowGroup": "header",
    "height": 0.6,
    "width": 12
  },
  "titleEditVet": {
    "container": "formEditVet",
    "rowGroup": "header",
    "height": 0.6,
    "width": 12
  },
  "titleVisits": {
    "container": "visits",
    "rowGroup": "header",
    "subcontainer": "fbaf5",
    "height": 0.6,
    "width": 5
  },
  "treatmentInput": {
    "container": "formAddPet",
    "row": 1.2,
    "col": 5,
    "height": 1,
    "width": 7
  },
  "treatmentInputEdit": {
    "container": "formEditVisit",
    "row": 1.2,
    "col": 5,
    "height": 1,
    "width": 7
  },
  "vetAddressEditInput": {
    "container": "formEditVet",
    "row": 0.4,
    "height": 0.2,
    "width": 12
  },
  "vetAddressInput": {
    "container": "formAddNewVet",
    "row": 0.4,
    "height": 0.2,
    "width": 6
  },
  "vetNameEditInput": {
    "container": "formEditVet",
    "height": 0.2,
    "width": 12
  },
  "vetNameInput": {
    "container": "formAddNewVet",
    "height": 0.2,
    "width": 6
  },
  "vetPhoneEditInput": {
    "container": "formEditVet",
    "row": 0.2,
    "height": 0.2,
    "width": 12
  },
  "vetPhoneInput": {
    "container": "formAddNewVet",
    "row": 0.2,
    "height": 0.2,
    "width": 6
  },
  "vetSelect": {
    "container": "formAddPet",
    "row": 0.4,
    "height": 0.2,
    "width": 5
  },
  "vetSelectEdit": {
    "container": "formEditVisit",
    "row": 0.4,
    "height": 0.2,
    "width": 5
  },
  "vetTitle": {
    "container": "container2",
    "subcontainer": "0d907",
    "row": 2,
    "height": 0.6,
    "stackPosition": {
      "object": {
        "ordinal": 0,
        "widthType": "fixed",
        "width": 0,
        "height": 0
      }
    }
  },
  "visitDate": {
    "container": "formAddPet",
    "row": 0,
    "height": 0.2,
    "width": 5
  },
  "visitDateEdit": {
    "container": "formEditVisit",
    "col": 1,
    "height": 0.2,
    "width": 4
  },
  "visitID": {
    "container": "formEditVisit",
    "height": 0.2,
    "width": 1
  },
  "visits": {
    "row": 2.2,
    "col": 1,
    "height": 3.8,
    "width": 10,
    "stackPosition": {
      "object": {
        "ordinal": 0,
        "widthType": "fixed",
        "width": 0,
        "height": 0
      }
    }
  },
  "visitsSearchFilter": {
    "container": "visits",
    "rowGroup": "header",
    "subcontainer": "fbaf5",
    "row": 0,
    "col": 5,
    "height": 0.2
  },
  "weightChart": {
    "container": "pets",
    "subcontainer": "f39e6",
    "row": 13.2,
    "height": 6.4,
    "width": 6,
    "stackPosition": {
      "object": {
        "ordinal": 5,
        "widthType": "fixed",
        "width": 0,
        "height": 0
      }
    }
  },
  "weightInput": {
    "container": "formAddPet",
    "col": 5,
    "height": 0.2,
    "width": 2
  },
  "weightInputEdit": {
    "container": "formEditVisit",
    "col": 5,
    "height": 0.2,
    "width": 2
  }
}
